<?xml version="1.0" encoding="UTF-8"?>
<navigationModel
  ns = "http://schemas.android.com?import=com.android.tools.idea.editors.navigation.model.*">
  <locations  
    class = "java.util.ArrayList">
    <statePointEntry>
      <state      
        class = "com.android.tools.idea.editors.navigation.model.ActivityState"      
        className = "com.pxy.txtreader.activity.SelectBookActivity"/>
      <point      
        x = "1644"      
        y = "180"/>
    </statePointEntry>
    <statePointEntry>
      <state      
        class = "com.android.tools.idea.editors.navigation.model.ActivityState"      
        className = "com.pxy.txtreader.activity.ReadActivity"/>
      <point      
        x = "2708"      
        y = "768"/>
    </statePointEntry>
    <statePointEntry>
      <state      
        class = "com.android.tools.idea.editors.navigation.model.ActivityState"      
        className = "com.pxy.txtreader.Test"/>
      <point      
        x = "396"      
        y = "636"/>
    </statePointEntry>
    <statePointEntry>
      <state      
        class = "com.android.tools.idea.editors.navigation.model.ActivityState"      
        className = "com.pxy.txtreader.activity.Welcome"/>
      <point      
        x = "768"      
        y = "-204"/>
    </statePointEntry>
  </locations>
</navigationModel>
